{"ppo_clip_ratio": 0.2, "learning_rate": 5e-05, "exploration_loss_coeff": 0.001, "max_grad_norm": 0.3771933327096745, "value_loss_coeff": 0.6648981271711394, "ppo_clip_value": 1.0}